<?xml version="1.0" encoding="utf-8" ?>
<EternityPatchFile name="Misc" comment="This file contains miscellaneous patches">

    <Patch name="CMSPatch" type="write" search_start="0x15EE3A" comment="Patch CMS to allow more than 107 entries">
        <Write inst_index="0" value="90 90 b8 01 90 90 90 90 90 90 90" comment="NOP the instruction"/>
    </Patch>
    
    <Patch name="VersionStringPatch" type="write" search_start="0x11ACFB4" comment="Modify version string">
        <Write inst_index="0" value="58 00 56 00 50 00 61 00 74 00 63 00 68 00 65 00 72 00 0000" comment="Replace the version string"/>
    </Patch>
	
    <Patch name="InfiniteTimerPatch" type="write" search_start="0x1193B52" comment="Infinite Timer Patch">
        <Write inst_index="0" value="FF FF" comment="Set timer logic"/>
    </Patch>

	<Patch name="BacBcmProtect1" type="nop" search_start="0x1A7E59" comment="NOP cmp eax, 0x4">
        <Nop size="3"/>
    </Patch>

    <Patch name="BacBcmProtect2" type="nop" search_start="0x1A7E95" comment="NOP cmp edi, 0x10">
        <Nop size="3"/>
    </Patch>

    <Patch name="BacBcmProtect4" type="nop" search_start="0x1A7EB1" comment="NOP cmp esi, ebx">
        <Nop size="2"/>
    </Patch>

    <Patch name="BacBcmProtect5" type="nop" search_start="0x1A7EE8" comment="NOP cmp edi, 0x10">
        <Nop size="3"/>
    </Patch>

    <Patch name="BacBcmProtect6" type="nop" search_start="0x1A7EF2" comment="NOP cmp byte [eax+ecx-0x4], bl">
        <Nop size="4"/>
    </Patch>

    <Patch name="BacBcmProtect7" type="nop" search_start="0x1A7F02" comment="NOP cmp byte [eax+ecx-0x3], 0x62">
        <Nop size="5"/>
    </Patch>

    <Patch name="BacBcmProtect8" type="nop" search_start="0x1A7F13" comment="NOP cmp byte [eax+ecx-0x2], 0x61">
        <Nop size="5"/>
    </Patch>

    <Patch name="BacBcmProtect9" type="nop" search_start="0x1A7F24" comment="NOP cmp byte [eax+ecx-0x1], 0x63">
        <Nop size="5"/>
    </Patch>

    <Patch name="BacBcmProtect10" type="nop" search_start="0x1A7F31" comment="NOP cmp edi, 0x10">
        <Nop size="3"/>
    </Patch>

    <Patch name="BacBcmProtect11" type="nop" search_start="0x1A7F39" comment="NOP cmp byte [eax+ecx-0x4], bl">
        <Nop size="4"/>
    </Patch>

    <Patch name="BacBcmProtect12" type="nop" search_start="0x1A7F49" comment="NOP cmp byte [eax+ecx-0x3], 0x62">
        <Nop size="5"/>
    </Patch>

    <Patch name="BacBcmProtect13" type="nop" search_start="0x1A7F5A" comment="NOP cmp byte [eax+ecx-0x2], 0x63">
        <Nop size="5"/>
    </Patch>

    <Patch name="BacBcmProtect14" type="nop" search_start="0x1A7F6B" comment="NOP cmp byte [eax+ecx-0x1], 0x6D">
        <Nop size="5"/>
    </Patch>

    <Patch name="BacBcmProtect15" type="nop" search_start="0x1A7F77" comment="NOP cmp byte [ebp-0x2d], 0x0">
        <Nop size="3"/>
    </Patch>

    <Patch name="BacBcmProtect16" type="nop" search_start="0x1a7f7d" comment="NOP test al, al">
        <Nop size="4"/>
    </Patch>

    <Patch name="BacBcmProtect17" type="nop" search_start="0x1A7F88" comment="NOP cmp edi, 0x10">
        <Nop size="3"/>
    </Patch>

    <Patch name="BacBcmProtect18" type="nop" search_start="0x1A7F90" comment="NOP test ecx, ecx">
        <Nop size="2"/>
    </Patch>

    <Patch name="BacBcmProtect19" type="nop" search_start="0x1a7fa2" comment="NOP cmp edi, 0x10">
        <Nop size="3"/>
    </Patch>

    <Patch name="BacBcmProtect20" type="nop" search_start="0x1A7FB0" comment="NOP test edx, edx">
        <Nop size="2"/>
    </Patch>

    <Patch name="BacBcmProtect21" type="nop" search_start="0x1A7FC0" comment="NOP test esi, esi">
        <Nop size="2"/>
    </Patch>

    <Patch name="BacBcmProtect22" type="nop" search_start="0x1A7FD0" comment="NOP test edi, edi">
        <Nop size="2"/>
    </Patch>

	<Patch name="BacBcmProtect23" type="Write" search_start="0x1a7ff6" comment="mov eax, 1">
        <Write inst_index="0" value="8B 4D 01 " comment="Set eax to true"/>
    </Patch>

    <Patch name="BacBcmProtectFinal" type="nop" search_start="0x1a7fbe" comment="NOP test edi, edi">
        <Nop size="30"/>
    </Patch>
	
</EternityPatchFile>
